3ENJS1261VegeekfWXNmA6JJryxh3LQWEh,
32J5T1dpxcgvpijZuVxKBnCgqrghuyBrSM,
3PeDUm4D33hyUWjMn1CFvmy4skuewW9gfz,
3MdDcvbsAQdR6cGniRBb9NMnzoQXe4mQbk,
3EEKFpU79eHxcujuTFFbQvKmsuBDL6NPdv,
36XB6hf5koYdHjmmXYUKMbX19vgTX6foSo,
39AcMCZuZaMPkZsps7f3VpwQZXwMRcKSWE,
3PyoKSJ3erALMjokPzmAqrVQBFMR7rs2Uh,
3QQ6NPfiRZt4Vh9UVKAEexyyJmd9Pu7Emp,
3NusgTQNtnRQdPFJ8YAFFKZsV9rqkjhjGq,
35a8k6Q9n1niCZeh5maD3EHaqr7dzWnypW,
3EXU76efb7crKbVALxnaGyZ5JQzQREcjNs,
3DCT4H9M9P4zsoayjx7dFc7i7F8EYVRv9E,
34xCqPpKDDY9hEerV9PQMnkS5LKSeyVgY9,
3CFTWSzVeC9kvy6UjzAmM8BbgkAQf5RJo4,
3K2n7iNGrTbjZ83MQU5Tjzto9STKWVJf2A,
36M6JwmJpyzDdnJYG7PimEmZnQ5kBgDtod,
31pYRzphPY8AhFDYxDdn5oL2GVQvtoaZx6,
346w1YDTCxTDDsA3pomKUe2i2bpbPSoE4B,
33mcHJbg8LK5j1sMbxWkCfUYjkPPZ9Uahp,
3CjWoR7VDx8VCCkFT5JrwvEAeWENdbXJgh,
3LF8LuWZ4EHxUfbBJujzFHecXCFnoYG8Lz,
3Gdd4n81sKfrcyE69uz5aLetG8cUrRRtuL,
3AMi8s6Ffdsmr7uPBpXBrCRaueAXptNSLs,
368Xy1PWfEvpWn7gVyZET6sbd3iVu68jH4,
3R16bwF64hiNSqoiVcQuR8XCK4iwtbX5gu,
32PoLHEMaF7LzkPMssRJyghGScHAojYoPo,
37RcyzjVUvUkqBhohP7SUueQr7vaaaKkRn,
3H27DxcB7mAtVzVF23gWhXnazmDsuAv4LP,
38qyakL1tnoPb57Z51za4j6PLQNKRb96UH,
3GTwRPmmCxoV8jk69Yc3RrvU8xnXwnE6RD,
34mJqy372x7zsTn4RPLRgivrZMcvQCheEQ,
3EzshR2FFmAYxVYxbbDsGrithXNxZfs8Sv,
3LTRKQmQQhnVhX6a9UR8KmnKUAFxZRvbLm,
3LG2nf5m91cFkT3cHtCHqx2Bcnxm3u8rMC,
37TKZWFss7oNGYywS7uN3oBSwj9hWcqj3w,
3QbRxdNUCrm2n8Ef5goE55NjG7k6amZbSx,
32iuUvfQjSvBaCdY5b3PMq6Lqsfr1c3rPF,
32vQ2hLVPTjpFBwAA9KArWiqtbxBid71yG,
34V1zonZnuPJGp1H9AsD1hFZaBUq2d6WfV,
3FWZPYpoZZNCEY9HDbRwAdG2ZUXtTPDUR1,
3BuHtter8X6mgsLKNZRmHueg4SULVB1WVr,
36TYbSgp7aKbxQizkrEN8fGqtzLbiJrkT3,
32QcLZfMwBXnF4poWMjK21tKCcafV8Md6W,
3NPm5MdHBqKWYn6pcNn1zBj29ceR8cpbag,
3HDz9HMgMYVLjXxc7tJbvqXHhXLkoUhbiK,
3EwesQnVDmF7GMbTpbjBMoZQMAP4RkV3Kx,
36nGaPRxPgg24SxypNZPGwiWWzCSJ6PYmZ,
35fkHHptQAiwCqMPy5aGKB8HqFf3iHF3jr,
38mXQkz4r3XgPPhbnJ9rU8pt2yzzkNRXxZ,
