3AFsdPKg4D2TZfNcfYLQ1uqhsnpEsvrwXH,
38MqoKh6U885xcbJwAcsLc3spS4jcWyzp5,
3Ns8RFGP6Le9NJs8TE6yhVrG8BhF37ZGFr,
3JMhiaCSJfyA9iyd3eCM2TqJHuNVepmK5S,
3CFL2CtEJBd48caTEzZLwP4UbDs366w8mS,
37BKcfcVPXRTW3k2Bt15aeVJ5bApR8a3xN,
3QLBKwiD343JkDwEqm1uTdJshoJXrBUZXo,
3QqACVEJfSxHnVKmZTqhYq4bgahRgcPnus,
3QHYjFFwAvKdh5onbpCmL7udCVXsB43QmY,
3Av4rUkvLZiigwTButxYyfj7z8nLXuhvFL,
336fhD7eRn5htYa5DdEEC9PXwjzvU3zpei,
32kzTg9SRXsf3bugSNxa6asN4kTAcBMvPq,
35X3EzdQGVzo5H5jtj3xqEiSXFSK6x3j91,
3NontRMzjamYfRRztyxErfCQ8VP5bGi4Q6,
34KMK7HaP9G2Nrn2oePdiDXdYwTKaUyxEk,
33bhz7h5eUFg7iYNZj5tgNKTgoErLUWwxu,
3D5HNWFMmiv1SKhmBMGThat2H8bNS72TvE,
3NsKTUCLhLCfR3JTtbqF4kTC6dxWFyUF6N,
3PLT43q75PWSzJbo9WcR8Q5QSfv5AkXDiC,
37gXoVS6ou42sJADDyp9GYBHtRJdMRdCDc,
3CaLqNo9LTkme1zUr6eD6n6DBSV4e38sgV,
3HLRgg9JncQHMQKJzwpXHJ2xDkS4wTpsbh,
3HiyuHqQePQVN6dQzyjmjYyCVq6HhDp9dJ,
3GpfhQnX1E5Vggsw8GeHSmmvXSkA2pWSr7,
35r6sJ7GPUMmAK1aR8vz85mUwA9pyciWYf,
3Eftk9nWP2zU9apP9izL4pMxD4Rq9F6LKh,
36UhYa9bK6PXATBpY7PyzJ3Q5dcQJWwmJq,
3BTNS2xRDpVXFM6AY2Tasjo7SfFJXUVKfy,
33DyzQATMrXYGXJwoLoaMXainbFrNsvBp3,
37TjeyFED2wwAVRkLWnnfhKK3tFi6EVhwe,
3CD6FY4xJQTye33doXVkNbs6yHzYGuwWfA,
3PriSHBfsrLhRv5poQDeYEedbcYpqjqJB6,
3Kohui3HgTE8KDnKDYowbocz82J77cPcFM,
3LVteRaddwb4Vu5oych6fd8WKjdFCeXBDg,
3AQS2Q1yZQKupSK9g5VtnhPexJLHHgpPq8,
3Dug1BNqLjFaHaZpGkZKVHJZsJJuG8sDMz,
3PyTPdehMyCztRkhGQk8nb3PgiayyfktXJ,
3AfX1vNSECD3GQSoFw2JExpPhkztQxfxVT,
3K9oA1KaifP3jhx9TbpDaA5whgrVAeaeVc,
3PaWGSPmJuzPBopSMX52DRZaAnqAxrSQtX,
387z2YyaQtr8wgzhxafmHD6ucseC96Qq3n,
37mykenNYHWbTnSGFREpjnC5iLg4XV5Jzx,
3DipDf2Faj2KurmnykMouupxUUSoe49162,
32iW8MfhmJot1VJwzBmfx1L5YpGXeLRsuW,
3EHvtkev23v169WSxM4hJQBUMUwNVqbcJ6,
36SeTqF7s7GaNgo4ZFMtTJtUnzm6gxnwJ9,
3L3sEnSLfRiLeSShJdPH43WLCuj8GnVvJh,
39ZuByZ24ZmwFiusM7ocdtvY7RTAf8RtCk,
3BFeNDYwjXXjNLX1xsanyGwvr9rjmMxVzS,
321Ux64FAzK5QdCyLpZMeEtcFew2T9oXBJ,
3N5KVH6fbKtfR49pijN5PqvR8B5u3dZNrG,
3PW592w7WSjanFfTYZh28ZiMU2jvNPq4S7,
3P2tP8EJUaioXPdGySTbDGReMh8TV1a824,
3Ma7iSA9EsSKkqKhdWrQDrwbTdRHturzJ3,
3MmsjPJ3eRC3p8k5Di4EnAvXwT8o9HBjH7,
3ArBj4JeTADAefrkidZpBeWCVnq4SdsiPa,
32TtHEGYX3YGvPjQiBUa4CagPQr6AzzdC9,
3DReKzLRP6df4TZDGPs1ZP1P5DdLTg4hyp,
34Kcn2tiBtphhPZFPQ5DF3xdNnLmmKNmrq,
36r3a9hTXYaisghXJMUqnfkMXHoYPNWcSG,
3MTup5NfyPbX1aMzzW6AxxTqHHEBGdYwre,
31nR9dpasErABJL23xivoeLLqvDW9Ues4J,
3NqPrb9iaQoeweiTzegQ3sMWz29NqZAx6d,
3GTriKf3aZhKHkKVtPDXJCUnzxtGHKUNmp,
39C34sK7QPKJ9ippWg75aKV1BGJM9buD2L,
3FVdeBbuZY52tYM4yFumF96wbP5F9VfqYi,
3ET8XMK9PChJL8KfBVv9czA3xFmwT6mtbR,
38FxpjQH3EHmzC5QntyRPc8s7Z1C2ADkVi,
34wCwHqEJHfSjG5YDq3mrGZpuxbposwmvt,
33QDrjwPEdHwAhnDzkrqFtQNJbDC395Rox,
3QE6XVXh4zi7a8bzFYML5ZjanSYY86SJBk,
3CsoTPbm8eBKzz7emuMVp2Trn5Kjm3zUNu,
3JmNmX1o193ZeSrPZYctSCKDz8P6wTuxeX,
32deiiTsjYswWujngMHUwN1NptP7jvBvok,
37EcLvMDweQEyM8XJpJSVpxHFmKrF3RGzs,
396J5a21e7jVSuP3K7n7k4fhk6z7ztbq96,
3Fa3r3upN4ttPZxyMuk5s4WTHxZL1eZRby,
39jr3f55TNziqotDkTqkxUW4zRkhF2p3sr,
3R15R1CVuRZRcuR2KwvRNBK9MejuT2Za5Q,
3Qvh6ebVZHjNLxsSMrKJHn87S1PB5ZhThT,
3H6GgG2ggvdA1yEhCByf6zxjYMxuSf7Uni,
3Py69v7JLrcvx75ZRbynuUagys3McTjis1,
38mRe6vH9yLautNmYWTUurWzBEJV7FGZ9F,
36y2Fm6ejpp69XrEUWTFbEqCm8e7LwS6rD,
3CcxE82G5hqEA9Uc4xRmQMWirabgRWn23T,
36JJEQUp7vCP2g3rjxvGBqHU5QMUGw4KTa,
3NWW7u6yyZt397QXUJvkXeCDCYn5WcMwFu,
3NCLP8dcN47uqXmgamkmv1MxR2fzSPM83n,
3MiH9ZE4okUwixN4sfww57spLQARC4hT2h,
3NqtqeM6Uhzj6HadYZ9KndRbkZC9HYS3Mp,
3MRSMM1A4PcFTUKMzaLJPzJYa6VSUhUcmE,
3MfZip2jm9YRGDP2BMVaTB9GY4mZcczG4e,
3NNPHFW49MYDWwo52XED8h4mG1a6CDadh3,
3NHd1oiaBCXKHGepVmDZiGBrSiugAM2Wx5,
3Dr1A5nUjbM84SGuM6woEAyZPMuPLLfpUb,
37BESGK2nWuX7ScevSWKYcbE3eeRgeZCvX,
3Bh5ewHEZR97qwnGJz7ksovssd4AoZJf7B,
3DFAYro9MGRpU6wguAiD4f8QehUqmLabzg,
38KoWCmwSqVDzjA9FmWg7Z34fzC9WX4D6m,
3NEVJRddXSbVJbj78t4Bj53iiq6beLYJLL,
