38nDxRCRnpTD8m7qLNdwcTNxk78dobzihA,
3FSLAZJP7Z64NtCGZ96nQQmigyBkPZTVg6,
33ywpNG6Yyj6XyX6C3ozF7gA3R4wa1Q6Xf,
3PiLcsaodU2gX4fZ3meztgXeWvQNq2F66W,
3MKEy7FPVpU1jv67JzzPShFdEubXzxMEWg,
3LNwstkES4SRRF8U9JS8CuyPPhXiBpBZLi,
3BHAoy4oBbxabYUeUsDzyMAXeG8oq7tRMd,
3P5v5LSnzHPMvMPionuFZmcJn3RjNy1XS3,
3FpeYto2mX28Mnc4u9eRScbwhfbTiYNKoi,
38ivkGFBFH1YaBe81LVVqFtKFPVtJiKzRm,
32cZbCy3knw3A9EtcVeZzrH32ReBGAHPHo,
3KQV1K1ijaz2VSr1tjsaxv5XSPDAbiVHQD,
3Achuqu9gP39H4ny5LiT2Er3sCw2DgqWGJ,
3P7BL2Z2tLoubNddftajqjZoJXWt9GwJVd,
34cxiXypvPYLmTJ9aWUrdhZVuyzbBsry4j,
3HXDA8XKjmDxd5XUFPs3kcS3YQKDf1GeT9,
3EvTaipTeWeSFU5g3khgopnMiXDbbDYRjW,
33u4r2UUbB4bPL9zTEMWdEGgS7pQTfdkCU,
35RxhRRdh5xKNE6iQDEp6oUSZeaeSCcoth,
3AguJRe9yMMfjGa1rzmxH7RmmWfkGUUpAr,
3Kcy6HrqsfgFfDt8VSuYb7rMqqTipJaEcB,
3KGMQ5VeLZm2pR3cnSXA7PqcqvW94hWwNE,
3ApNPsaC63oBR3pqm8otd8HYVZ5hjsHWZK,
3Cu1jznxUexX2jAY1zdWcZWeccSJAebmRb,
3AAQ7t5YPQvdvbedvETBZnVAKpxvrkzb8H,
3FSLF8EQN1xxPLp45aQzcrBXcCEGThQg4C,
34PVcVFnYtqxGHP6qXen6H732bwSSqq3o8,
36UmwEWvSk6AiWp8KrkHzKRigNLG8zgbJu,
3LhvC3UBGKxSnDYwGwwXGRtfJLE73i6fJR,
31nM6gSuTo6Nxbe8wsSRmFD76uXnPZMK2Y,
36zmKQPPvf8Jy3mSht5th8VjYxepu9JR77,
3JRsFwcBPYgaYZoX2HwNcBAHnXLYTKiEu1,
3Px946HUs125dwZAViHnh5Z2SGBM81fxkG,
35RUxLtPkmxn6pueoSMncMRswg4jZ8QE8V,
3FR72qEmf1Pr1GapE8pMMMF6XmDPNMBekA,
3Po79K3vbnJRT6xxP1suz7SvgBnRLgRJpY,
3Je7d2M3eCbzFgdWBCexNurk3gjMoVZsKr,
3QDys47a4QXgNaTAFqDNGBik6a6QQoQ4J8,
3BjCKZyiBJFQkBNEQn47qk4DB4NpjyG1Ey,
337Di3s8xf548ZhWHtBecQD1hWGLwNj8Uj,
3BPDne627ps8HN5kDYtvwEfv4JL3XHCJYK,
3ARajc9z2j4dDQ1ccfhBwKFM9zbnCHmsWN,
36VH9h8L8UJaUfwTyyTASjsijNaDxwPapN,
3MHK6CBJSCtpjzEnFpTPXf3XiS9epupp84,
3H3tCtJ1JfhVQodaLfjGLjg6Dp9m5afiwe,
3FBtPEfCWk5H7rtrtp6Qny43KjjYkQo1EU,
3N8nVKF6Cbj3tQvJRrxwv1nEc78zvwsbBF,
3Dv7tgD3gKjkWA5qUzhUoEFNtmwaWZn9yi,
3NFypVDcawuScH2obe4d9yVYXes8tM7WoT,
3JAeYyTeUnMEjNve5Pna5DtgyFVbtB9AV9,
35wWyTx6YjfA8oFEEPDgxbTNRnsWmdxQkK,
3L1Q5r3bah6Hev9ZUrFP4pyrG1LkK128oG,
3PZ5UGQXT42MTwKYZ6us9ZgKyMMnsNT1Pn,
38Pj71AAukUKTYuj13LgepmU89krfL534r,
3HJPMXkU4icXJZvpmx7zhzifC7iy1vKW5p,
38HSEgryp7PJupmzz3ArJH1kzEB8Lqe7xU,
3Kv3giuhYKh4CRqapsbRizgEPG4pmjQzXW,
3GoK73Bw6VqgcGRxCc2o12GGb3i3VJ3uKp,
3CibrfMoXs8SXMD2wDv7qUypskvhtfVTn9,
33SZarj4Lrcinexsp4otuKC9evNnKpMd8E,
3NAQHZnurQbvyoc1BvytfywP3TukBdHmoD,
3Gj6tJKKA1JppZBmt4nBymYW93vivBJw1L,
3EkiDcj5pJKPnsAs9cqXXv1gUP77FPCGna,
3NFJCY4ecnBZLtFJiPiKfW5pnoRuMBW8zy,
34bgqs47TkrNmEx87wggKcmt9BAJAJyA7K,
3FwCArxHcWY6pc9aWUsBFjoD1yNca1NV9v,
3GprebQGxYK6sfQkaPJpPPGBttLiSmr3Hf,
3JpYGhGB5JKBthh4bNv7hZuDGb32QJbzQs,
395KbXLPEGc7aNvfWJRdfcL4SNc8bQsGHe,
3GHRa54EvimzJMDhgp1NY4N7qPJLn1vqDc,
3GMwgZhxKAwzRc2An9CoP39ZCbpF15cmas,
3Pma5aUqwYZZ5wcHrXW7ESH4MfW2Tc5rcL,
3LwJBWnzpeSUd2A8xmtCK4WXunjnDKg3En,
3FSVDU4r4RhFL5T8pisRcndEsbHTfoLEYV,
3EUjpBW22oq64Wo4iZSYdUWY5idKe6MDem,
31qHqQCT1UE9eJaGWe22KTpLfuzGUqqdbw,
3D5dEx2WYhDyBc2EEvKpKApGySLaNZAvu9,
36dUeuvn8paN1ZTyMAYPCikGqoopakhDZa,
3MxY7Be2WjfXHpSU3AQ9pQzaeBuHHBFoC9,
3J8AYrH7wZ14dhxF8cpvS9224MUpD11WSt,
35xidLEanpXc7tMfNUNC4DW5K8PKVgZ1Zo,
3QZbhsa8RNeEWq9vgZiqMrB4aFG9cFxybU,
3AWEM7peryRCG6pYavGp6hoH9EYrRFoiFK,
31wYTDQZj836VqepzcNQk8nzk5FcfsbTsZ,
3MgdDuw5AJVkWUMUbsTkfoWqbZRzUkx7xi,
3EaxJV9qusUrLrRwfqT54Wtyd1FMWZ5Vuv,
37eJppTFRSL3mJBChMBFQgp8zLpVBir6n6,
3FSJKDjeaH7u1NQY59DPdGc44udA42hU4a,
3Ng4o6X4VHCupxkfg5DQPVFsHXuSJoniJE,
32MxMGki3jF3Yh4pkHJw73UK4ebhy5a2BY,
38BXeV4ccZEEiHSbH7ccEMB5bnSSwj8oah,
3BGXJxd8XhxuKpT24DCbbYsR11qaD2fSCM,
3HBor9xwqBAzWoPXPXcD7FvNgKBitcNAy4,
34R1jWA29cf6hgkfCsRLMTBMUnVV3TQKcX,
33tanP3sJV3TyvfvsiqGKM1Bc53D25VvTy,
3HpURpqmtg7RtxbqAPWWpLNLp1dQv8Xh59,
31rMuCSVB9Zs8Yrw1zpDJXvkSAv6EUY1ii,
3Ptvum3nNP78qp2AZxYxMevvJuxH28V48L,
3LJoRDr5faCyobByYEebC3wM4orCMsMs8j,
36fmRXXyDoTRLMB9xPW29AWRoiRLJkgMBr,
