3HDjKzTUhf1zJvMiViHR4Jbg9AmPFqtXwe,
3NQz4aUme9zf2QK4nPR4wq6S7FtpEi3nHH,
37HREW9ottgQfPhXieRnWMEipiqnLTmNdK,
3JLfGaDvvRVqgJZpzVpYqTe7VMamEXGa6W,
3JoEtEF981FbHQPdXyPGQhAzCp2f7qah8L,
34bpTVDqvNgAYaP7bVjViRHZvoD6ZgPAf5,
34pctKqSNVgdEKcgoQxs8K7t8ZGpLf5ZE7,
31jxf5E99YmS8drTNqpmodheSikzxzLn9s,
3NgbDakg4BoZzzg5phcsdzEUdgjm3HUuX4,
3MHuauGhAmxAEMPBeFp4U4cZTf7EKivH5J,
3E4MAZG3qLnRfG8H1gNEjEYSfptXSj1ASd,
3Fc7a7qVrUqGEnYW8BujW1M65veXd17vzf,
341tfi2K6urEkbd9JCBYi7HD4BAnBTB7oq,
38nd9zY85i8Hnj52P5wZBDsk7N88SbaYzX,
3EtJBQV29SY24HBqqebfN47uiqjc91mT8d,
32pGBvWhtsAhLwLt1xaC4qGc5pq8d6GJYq,
3DZji4ymYeNYPCUYvKN439tuSYc5JLnQf2,
3LjqgVQNEdCHSMf5KG8F3AuQ96C9hxXHz4,
33xoiRa9P4TE5mUeEUvb9N5Ty36sXNQBVi,
3GhUbun5cNmyRbB1ShSjir9XxoUT3a1LxY,
3GERDd7nRCj753PgArBkP2LKMk2GfYz5oJ,
3FN7LjVf7atnzi29nN7Dxtvv3EuWYAgHtD,
39ULhFt3ksGx4zcDcufsJ28RRMBJJTrX99,
38cSq3SdeNeFmT7JFhSMgkrrJ6NAZn29tD,
33YpdLrEBtjy348XiJcYVNvF2z4L5Gt7P2,
3NJ3jDrS9mNmaNVe7Z4YFnm7pTF31341k9,
3JgX5eLHSHkoi1Xjrz4ScDxYqnnz732B45,
33LKqFxgbmDuxNeATmr2EoW4NFsxoewury,
3J1xkqUXMEnQB3Kfg2wLTkjVcC6JgTYBSJ,
3CPFZS32MtHWszzhockB9d6L4iG6gtbPAc,
3M4aGmjCVDm89VGVJ4U2zwNaJqaKcMngcb,
3M6399wAjpKHVpWih27v6HFZ4VdXDjPQkE,
3LViuZiiNmv7GkZyJTJDSpFsjhnQCshU9R,
3MeyPiVqRydnFF1e7FZvbbX7vgMAcYWEBw,
38ew8DMyAzUjvTjaJf1RiAs74UMXjnzN62,
38Ru3NGnybkTFgU6MGbRt3fpq6iWynzeDo,
33Zo5xPSxtZmEQaHseD3y5po1M3GDTXFtp,
3A9jh76LU6kSutp9DVqphhfTwun6xShvvj,
3347Mihz6iaumSGbJkfcKwZLAHnL1kgpqK,
3PyHeTAqh1VfZ8czr4gDDfo6HkqSQnPPyD,
357VXcjNFvsWFdrFDe7XXUW8DvJLC6TJr6,
38v1Bcjnbu6CiEi7Wnd7hQahM4r5rSvovy,
3CRZeJfU73nmrgduEfSHBZkPEcmUJGwYqq,
39LQR9ZrAgWVZ8VNGEXpVkJkfFvzp8FsH5,
3AwpWmFX1rCMMFJSfb2usmBs7hLQB6mTt6,
31rFUeyNQTSEhh5QAW8TeoamqNYQnUv1Za,
3PxbSLnrHk5eANBnwSnKXLB2v6zF5spEjF,
34E1eZTXPsnD6rSPJ46S5gkbcX6pUS4mYZ,
3LrsRtgq5nyjfcgtTh3tBVrwwr46qzy652,
37AkYSF7fBTmZS3FLNgSeYwKhCFzstZRXo,
3KmCDcVxQR8eRw43j99KU1GacHmKb56dPf,
3D2oCNuzCNRwknucq4JggB8o7i5HXHYnYK,
38ipcdVSRuTdGpy7b6gv6pSPeixpbiBxWH,
363XfriVu9g8K6xsXGVQUVvzNSN2DRBa21,
3AjauH1nwyT5MZQPRMP52pdttu1d1KMXBJ,
3LEnWyjBx7D31iwuL7oozWgXqBBNKEsLFZ,
3BTmEENoD9ZniwqbxP6SPKGyPTb7BG9jdr,
37ixDGmZ1Jr4QnP91bbEJPAcjdQB4ZZmcL,
3NmbkZdjyQNNf11uddRbjgJWmftPRVTDqQ,
33aqRuMFeLTKovr71CuKjBj5kUViW85TbK,
31se3U7pky1zPnEVC9rVqb4vwA4fWxVGfF,
328jtSx6fXewxfThVp4zLBcpooffGwg6Q9,
3GMppPv1hk5imyrFUf4QfW31Q8DQEVcuTD,
3LJKYa9jdtM2tN3LgSSN57vmYpcVTH4Shd,
3Fiu3MuqRcFuVpMG9vawBoqo3x8h9DvNNG,
363dUv2qmGbDUZhTihtc6CG9ABip7Mi8PP,
357DnasoFCsLZJ2zRN5zNnEHcwZ6kUC6zb,
3LCm9YNANjcBPgUATC8KQxaUuE6eAhcfUc,
38DbD5y6FKbm2AGTe8vyEQSqwhtRJKRVbD,
39zLkbEDuXnij35aNBoCq89NYoPvNkAVkZ,
39hW6gSDVQz6VqHxYdGQdNHQdcncCH9dSh,
3Dor5m7yms8M9x13MqhPwDkXkNQJqPP8v2,
3Myo8BZVXkGRpf5G3Se6ED8aW3vxuLFwzc,
3QqNmFc2eh3hCcGYmWuVQBr3b9ky9hAbXH,
3FJVi9ppcQ4bJBiGzFBQGALf7CCvfNbFgC,
3LtyergoSGX2fT5H2JhQnPApH5wRf2ekKn,
3LZcnH7RphPhZY6bxjiZEf1ES9iZpLAh47,
34YRx396vH7zEaABSvSCVxkf8kc57YA5VT,
3F79B5RVE9Y9hCf1iqMsGQYzKaZwGZKKJB,
3AJqPU61qNg3XtfEd9TujSbMZXJ2aGUEKY,
3NkQrNc8ge5SgBbjDeg1n6QkwHHFnPv4Wa,
3BFXfj9pZr1Wsm691bKnD8Wpxu6NF8Zv6J,
3LPcPoYSjdA4NbRAsoeL9YqqYqGrSF3WTf,
33Z4fj8ZQCxe9NcTN1TSdkrQN6eHFP6Fd6,
3KZHfDombN33ADLcHT6qEJZhdnsPLC64jL,
3LgbwbRjocu3qd9nhchcRK9vMunLaLFheF,
3DQGTwMzArsH9saGVX3UREWNAEkBCmH863,
346dWiRCZnG2whf4rfprCnbbbRgJ85Z32i,
3CNjH9LkDEVaFreH2RqiKjXuWX4WbeGT1r,
3MhShnSNHFsaXCHBVJYu7cizafze9J8chP,
39am5BimKZjuFkXv9tz13CDSkqamPpMQBa,
3Lwa9s9CUJJ9eo7x9rmm8kKN6wL2jGKyyV,
34Ly1jafbemqEK8LxvQYr8JySAG7isazhE,
3LWzMz2ksfYjXaGztBdsjtxx5F47cd34dm,
3QRAvb7b5czTw7ueCzBVYoSQ1xxv1G6g8k,
3BRb9c9NAL1J7y3GYTk4r6BWhhPcH6MiP2,
3ApF1KjgULFGUpB6uLUej6rgoZ23JLR69U,
353semMiX6KmgofwTupVLe56mpH6AbzYnt,
3DJXBS6B8ybQE8pXMmo2ATrLYRodjtBaRH,
3DparyWNfrsFAtaNuJ3vbU6sMndgRK5oGX,
