3B4Lzo7CS7piHwzRLzVnJiUxWLXynH9jkC,
3CqFqc2HTEGASYPyZDFUCNfSBF2MrpHefe,
35DJLWbDnN4W6W4X1tFd1xDmmbLFP6Csan,
3QtPSF3Lyv8YLdoK7SYjcVCKjaDTBewH9h,
336oY1qhzZphc4z4PnUPQJj6zfwUsMM1gH,
35ic6eZFjCWTqHSkfWpc8ghbc6eorVBXUV,
37hDgiRkWRcfnZ5WqE8n5HVxSLqVbwHcJU,
3FksNa6NxUd7QnEMSKvgb8FWjkAWJxni8S,
37r6heu31pRsayX7VH1AnxWBTf3eaMARY9,
3F34MgjadBhuZRE58sayxfhwCX7pCV3DWR,
34BPo5JftTX1okwVHLXPyTUiuTqWRMroXd,
3JitjXyxuqY6h1RM9vreWC9CXkxhorwAXK,
387dueNJnzausZiBGoECw71QwykZrCUZqS,
3NrqsVokP2ke9UsxSiM8GMaT3JPMeuSDCD,
3FUQkM17q9EWpp4XsXehVtZC7bqdZvbdVa,
37i4gdVgDjPWghXsR9gudTvNCTjJMXbgvt,
39fpQQ4zuwprfJvAhYF3ELdQ43fVCxNiah,
33qyWDHoijC4UgFhbVYmPZ3bo5Wo4aACNQ,
3NbLCBQ5fKt1w2RrF1zZdKUFFB4jogzdtx,
32RPVGPaWs91c14pehZLUhM98DYZ4xhvHq,
3BSFc2oNS4qVxxbgJwRZcDM499kR5o9YEe,
3HDPcGQM6g1z4gmDPk5YQcKu3VvM1MuqSS,
3AydsjUWsxJSbrpmrEKPfxxUi8vNbAGpiu,
3CEuRVHD56skoqZMyhNAqLNX5ccrFe8sSp,
3MkBHKpnXJQSpccMsLXT6CMfiPAF9MR2Ge,
3CXLnekmNKbZmYKGp1EGX8btQDjgVCZfo6,
3HejJdYTTAQh7CixpNq6YVPum8FLcUy4Cj,
3EFsxcKYd9Q7iqJgyYNnKPY946tgpFnCGT,
37C3fdGBwngjjKFCXZcGzBFU2au1NYtf1V,
3LVXFiHBnkQe5coVhBHdjrgEp9fG34Z9Di,
324LQA9kyf6KoupBZcxGTHDry45o8LZeFp,
3M4oSQhCFQ1CrNV89mGeLszrZkcFJdG96H,
3EMBAu3kCWsNUwWQ4LomHMMJSafUBEfgTj,
3EaYieD6hiuckmoSQDi1A1jkxzde9PLR6r,
3JBVTBk2JDRNhpyXPt2obQBY9agATGQU6X,
3P3nVHRTMz2GHSV6WvFvdpweudcHbV5DEG,
39xtyXmxJhRQ9oerodyB4jk4zP6Z2C3nUk,
3PZZZHdPEGK2G8g2iP7PwFjCoWtcf9cYq4,
3JCMTSWS5gDZvg8ZTnT2YStEKd7A8NiGz9,
3AvshVhwPWPLBZWqBEhUxW8FCdJoLGa8rA,
37uByUT1FSeAsjoT8KaVZyZN292a8m5e8x,
3866RE4p8xUCs1t3EKg8MinDeNKPuX3aV5,
3FMgw9ZaVu3s4pwRx7cTUGwDtgzc8y9gCK,
3FJNjFf4v5uiSGmGQ2GyFro8orYNDCpbCP,
3CmuLLnuC6VqSfkquZbCDrxGvAkhACGzcB,
3BreQqNRcx9jDizrnrv5kLcCEAxbpgc7d4,
3ESBKmV3Du3Nr7vZD9uDxp64JoJtGwnAgC,
3NQfP3YrENry97D2Bh4UQYe7JH7SAhuVzw,
3CEbsUzQxcZCeo3TAhsCFdidXJuxHCr1tD,
3BvgnVSwtCZqcsca6HXkgFhWa4pnmBfTUU,
3NtFrJoMtMXjnqPEjPsKxb2Rsiqcq2ZU58,
3L1Y8bknEGJJDUrknR8E6Y8zTFJABFrxmE,
38PYuwUnX8fKNLzq5uQhJaqrWBPH2DKHxL,
33Zx5Tp7uGj3nm9MTs84Tbcvmp83hdS55N,
3Fh8HvQQJeYovM9L12foDAmRjDZd5N5XNC,
32RGE8TtqV9V8F3PNvrnjDsn6i5braU2dm,
39gYz9qVhWZz5eBdeV5yqNvbPqziWC81Pe,
3Hr2JfZRLnW3T1TwndGVJdvxmF59JT24LU,
3LynQt26e251PmvibTpJamrCienkDHUGFp,
332d9cHX9iwvLHCo5ZQHGEbnDFHZAxe6GF,
39TD9gnHQwHQ8SUMjLWEMD4yiMkphqhkW2,
3M8M3WAnEuXX8ZubkQtKdfTCVgTGc2YbXH,
38gbvTGDGmMd7jd2k49EDvuVhSKEt8u3dr,
3AEJZaeosAj8SpipP6KDbenHuxbCxkeCsA,
3Gmodd1v6RqwDQ55F3oQ6Tby1nF6jp1ZRw,
37r4ZDbqeuVHb1G7TknQmqPss82bLiLZcS,
39GGGU7DFE66SwvTPXSQpoLeuDWm5YLuaM,
3J35WhPYuHok5Rk1g1EkWt9vJmhXv9a3ox,
379eurM3xno3GBWGDWDKE9FfEMruwW8Qq7,
3M3tdsj5SycsWhAZn8RKQWHUvYMCGRRZxw,
3Q2UoA43L61k9YX1CVfqUonx3qfZmwphZz,
32vSCo1E5LNr2qooPphytSmKfewRPo7kZQ,
3AW9URThdmVvRNxZHZqTTQoPT4GoZHLaSX,
3CBBGkgkfrxTyQoWh2vbxVQ6nCFN2Vd13g,
3MucSAHrfBVn4hPNDJTQd2MkKpRPPCPyWH,
3NMwzno3ouDtVg2WjDHxzF9sTuX6Xa34Wn,
37AsiihJ6tT3Buywc58qEDX2o4agwVRLD6,
3Q3LpL43T7e5rMus63Mb9ZR8NQUEHtgFdt,
3JvKnewh4vWZ3V8wnrF8BQRzi2SjEE1coP,
37L8H7H6MBJeNwpVK3AuxVEwBTCYFfRgqj,
37gRr77Lm15WKu2oAmnKRtpGWmQFuPJz1p,
3AVujAGxY6y2wt9YMvyNj4cjppPMz3FkfG,
3E6ZthfL3LxH8hutHAwMDGcbpqttHSiifd,
31t5yaHNno1Rj7QaDbPyDAmqNLTWdpNixP,
3LFv7m7E33YsxR3VtHmUWJG7xK9tb7z3d4,
3MCbdvRJ1YZg6FMcaqi9tfHoQ63KDdtdhW,
3E9NjWgyCdhHV8KSmiaAsJmavRTKUvirbV,
35Ag9cp8yCGsvPCL8DV8hKZNeNf5QVV22d,
31tYVGZUQ82WSXT9Uw1sUnc56MzWZKtNWK,
3B7MnMxE66Tt7N2CfDBKiiLXdcLTCp8w9W,
36krDDnc3T9Uxg7j4RDPJ5MAPqdJnEJPj5,
3BNQiTaYcEoi8pfhPspaZ3AX8EW5MyPh1M,
38nsaMHhSxEk5MLwLDqTN3Det1rdfr2jzz,
33RQiD8vJza2cxJ76mdU4ufCd6qaMtpkRk,
32gNNv9v9YcxNkwDGZmExdTgiphWqzPMvR,
34gX2gMWjrCp3tg15Uu1RNKzEYDB4vYDyY,
3Mv9oz2SrHCN5GUFmA3fXYciAx7zMUbeHY,
3KoChWUjahMNGMmzp8oHaKc6fwqqGGX8HY,
3Fqq4HuN88pQJJCxxHothUYHW3GopvtaUj,
37JKSyoHUwVAji4CYxh8QdWemmdKPztLwB,
