3PLANrsdeC2PKRK4Gn9ioWNrYYyTTn5rwJ,
3HnT4fKzwEmovVN8idifaSW9Tz2W4ASvJJ,
3MFyC8d6tL3sXBrLRyL7Qz26ZE6acvKMFh,
3Co9bWwc4VVjsxW8LViLPM3jwyMUvBiUpa,
388nAfumK5T1FswK5fNLrzG9SUnXaoT3ep,
3KCZBLWB8eYNdE7QBmqnYkPQZaEUuKParf,
31xkm82RqTRGVZwyFzAL8xNZeiTpKnQF14,
3Ktr6GBHMwAmviKoZbBEGXQPKyKz9F1SRe,
3R2QkzpskMotcYrizrBjVbbiGWqfYw8Q1j,
3CCK27yJjhSJxBzWQrSGgAc59pcR7VHY1k,
3MhdSobJCthEPNntTnpcjnLEakbrskgro5,
3D4mJmH72m7Hp5LZy1S6e4H7dbrxb9fkoQ,
3GNJZGEzvAhqFXwLBdiYES8Syf7TMMoGqh,
3ADuaVhw859uBgXkmcSfdfQV8dPe76jLJt,
3KBDCVxvMinfmgEo3uHQwePnK8ERpVNJA9,
3PZokBgjRkx2ApHQRJrdPK5xWPpaNX4Kcp,
3BuVQo9qunXwdgKLSTeZXLHcBAdTUBk4Yv,
3JgD3Q944HJ1AKGap6VTKs5Zs7o28daRnT,
32osvLbJo6sZKtyU9VZSFERUMrdaL1K43i,
3MNNL7nbevBt3cvPuHzLDZeYdpevZY4RrH,
3Q99YTdC1MAb8LAr7R8XFgfNnwvgrmuCLf,
3CwjKeuHPvaHozVyH2iMBgVknWeAH8ZFJw,
32nDXV8x9Yqsx3ru8MN16DJmGEeusdCzqE,
3C33QWuSDbrHwRhMYnVx6QdJhYGLxRK7Nn,
34boBo2yoqmWvuvVBk2ztJSns9eyoY7Wed,
3GArc8SKJ4mF27qf5KPyYqKzK7biiqWJYb,
3K9wTQ4wPts7fSjKh27fDCgZr3BnSHv1Rf,
3EtUy3jMi2yZibRnDkD5SzWtJE1smgmAvv,
38ZSqrgFddmjTySFCTNZRNqJiqnHhFZhBU,
3PRGgasBaR8xJ6XDso5iHktAdSkXsttnNg,
3HYpBojPxQqPivYPi1L7UXLEJDG8MUPowy,
3Jo455d9aDgzkQr6Wy6UgjKxujJ3HLEH6c,
3Dn6o1HVvogV8sqvuC7HzJqc2y7vQTgeXS,
3Exu6pbQy2NqvzTP7bs5Eap8ebpxFnvoKX,
32j7kK9fJ6hTfuS7KeSHgJGor82oTeoYyR,
37GW5WqowJmDYM5nsM5dRd6VUHjzgyvKRS,
38TstGXQHSBsEMJMpnLw2A9GxunxZDxXnN,
34ZBtYhdTneBzYcRnPCxX18zia8t7gCYGr,
3JvHVeDjG1tHQfvxWfBy7Ny5frPxxzZ3qh,
35LQRUttiKKpZT1VEaotpyAwzENDRUezk9,
3A8LGS4EZwFVkXzHNvCJxnSD49NXUCeQLE,
32LCHkHUY1mnXa7CDyR1eoRfC8pdSPXj7W,
33HfVV3H1avatMn4FyqVmyYLxQu5Ni5jnN,
36SZyEB6MYgAYGkUknuK8twVmnJfQRou3o,
39fDaSNNqGJ3NV2eyNhMue44xHr29421de,
3BrYjjiu8qjMoArkipef3xNWUrec7hujmr,
3LdGDhfkcxGLKLp8zbAvP2ST7PaTHU3sMa,
3NAwWVwvZJcf3P48qaHZfocJs2NgZo6ZSH,
37XJzU8uT6aBmVZW4yq36ibp5S9pwDYFF9,
362HyzV2QFw68bjxST3Re6JzCM6GACdxY8,
3JtaitJR9LFfD8fUQT9xzRW4AUu4AoFe6i,
3NLx7HqxhwZfx5nuLbt76BhKrhU6Szbuhq,
3EJJBc42uSh2XTXwsCEm42r4Y9HLTVSYtK,
3KnsBoE3wXMo2H2Ar4rMumh53CsGSGZoaH,
39FagoxAegrtk49URGMvNcYBzX7h1fFPzj,
3QKgwnp9UGjiTkXD4nkJ8nKxMA6zgEWZ92,
3FnpJcekyV48jX7FCt9zPCZYmh1zo7zpyS,
37rPdwPD93RybTNZMsGz6DP4vhx3ix2RFM,
3E5TqD4z7mU7kkCjdqevwoxv17drpf9rao,
33WRn7u9HNkCx2skUscTuybVsVxRwYK71E,
32Koznw3L2y29ku8vRps7gtvDH8CuxyjcK,
32XonsskQiz4zxS5Pi6Zfe8VDLXpbS6Pqa,
3KGUTGyFWYmin9WyBeMfnj2DLz6H3m5kYP,
3FsvwZ4dURPoUyfB3v5e41qA7uNG6AnM3L,
3M7G2PQAKFJACCB7w6QVvKH8vMvw1ANR9E,
3KonMywddHf6bV1N8HqLzp9BWA52kvcQ5r,
36obm8HALDn9JfYZL75oBbT3FfHVkzRz2q,
3Mc7RvfCMotVSNJLg4sRUa4Tf61Hisnj44,
3KL7EK8ENLvdptR9JdEd7QjQ7g7ugpV8yc,
3NGJFzkcFC446uLEDUaGdGrC9KRKEv4cfh,
33eMJpX6DbZG34jAj3vEhUnEMtw8vVq4Pi,
3ARmtE2sr58A78iDY3BgbtnJQhNAkw1ou5,
39VF6vovYFK4r5Lx5UeaxEjEWtpsuoYnFK,
3DJWj6sNUdhq3vDE3o9Zmon9ZYWySwkT4p,
34akxScunAdNCSKasiULYdTw36cErUiN83,
3E24xypVk14t2BFmLZ7jRxsgNptP152pQw,
3CHyFU8xuMzahZs6aXZAZNwxJKmMfhv5Wn,
38tkb4jG8eMDDidyVqtBtrbS2u3Xxowzvx,
34wGLezcbkZziQZrsxueTpak7XkCC2SzzM,
3Ba2wU8ENCpgTpv8SVYik5X6dYBR6spTtX,
394NS43hoMMheoA5DjdtZHFfvxgvJqTm68,
3C16nsZdzqw9YnbbRaq623nHkWgoeyYCqZ,
32jeirZNP5jxPC8sSeqcZkrivkTJGH5PHK,
3NbKWLg9hLtSd9UJC4Duve8aZCJ5rzG6gz,
3P9u8oxzu2aPafzSWVJNPoicjTN5ef32Ei,
3KN6DE2F42eRUHratwGqMkgTvRYUp7VaoZ,
3CgcP2FCFN59SndKxYp6yoQeLrdkb4SApK,
3Bcg2pF8jkjgLTSME7BshPqydQnDW6N6kj,
3CnERS4Y7pogBXmtwk9SBvWmnZupMyr8Gx,
3NTdpXf51uYDPpGoEN6BjC73gYBn8vQnhQ,
32G3k6ijcYRfHgAtybPQHGQExZs8aw4tJS,
37aXASNKpULLULJaB6MhCn6UgHhfjK9ipM,
37fGZw3CiE9gGF2TipHc3cgL3vVbGmfPub,
327JFCvA3eYLy1YactHJv4tHLZFnvkqLUn,
3CKiRThBkyBePN9LanGL3Dfm3bJwqgAQT9,
38FQCY9vum3tsM2RWrX3mgShW7pSJFwwHH,
3Hdxh4fAgeSEvUbUAaM5XShMnXwLT8PZuQ,
35QC12vNQk2ARh6q6R6wJCaPZpoHL4eqEF,
3CyyANfyDfFE1d9zUxrKi4wDxaxw1bG4EB,
3DSfRkiaGsf7YF7Vh7wLYC9a5qkx3Tg46f,
