CFX:TYPE.USER:AAMZ0BNKKTEWJ5ZKA5SKF1CZP76P32Y5SURPE7B4U1,
CFX:TYPE.USER:AAJ8RWT4M1JYF58RB9VFZTWJ6NJRZB19DPWN8XAMBY,
CFX:TYPE.USER:AAM8ZVC3TR4FA2HP35RYVCEJV9BZNFWGYU288D6RKW,
CFX:TYPE.USER:AAT5EFVC8UMR2M11KY345Y0FG6ZS56TUJECWXM8M9B,
CFX:TYPE.USER:AANAYP3GMX4D3UDW8GGFTVF30RCCS6V7TPYGUV9TA5,
CFX:TYPE.USER:AASE4NJGED8T12RP6UMHP7ES02PNRH7SFJ7YPUFEAV,
CFX:TYPE.USER:AANH2KFDEMW1YDW4F6BPK3JF6A73DAU71A8B7R9DUA,
CFX:TYPE.USER:AAT4GJXRUKU4HC97K3PBRUG3HKCBSHJNUE6PDHRDV4,
CFX:TYPE.USER:AAPBNMFTTAN91817HR7YT1HM48U5VN4R667N094WDT,
CFX:TYPE.USER:AAJ9WWRR1W4UZ36UW7SPW5JVE2TBENC1CPFJURW8PB,
CFX:TYPE.USER:AAR0NURJH2P92FC2VAS6WSBW09YY9V9NRPYN4PC2RH,
CFX:TYPE.USER:AATJ90YMZXBJ32YCY3T82DAJ9S88KFAMW2XD3C61BD,
CFX:TYPE.USER:AARTHZ74DVS8AXZ42PEXEF1USU0ZF2RGPP5TYD5DB5,
CFX:TYPE.USER:AAME9HN3RKCPJGFCESAC8CJ3070KZGNTY2YRZYZ8WF,
CFX:TYPE.USER:AAPGZXP37NZH530UFK0K4Y74BBVA1K08CJ1TXHJMGK,
CFX:TYPE.USER:AAS8BHHF8NSXHTFDPHUU9B1WJ94BE18FDPGXW2ARF4,
CFX:TYPE.USER:AAR3FFPM29HAV7RJMG2GM657CNKX537VMATHWMGMBX,
CFX:TYPE.USER:AAMV69ZGAKWWGMX3ZTKWTWG7M7ZVKKM496NJCZFB4C,
CFX:TYPE.USER:AAPVGC0F24CF3FUT5B69K6GR869S4BSG1ARCKR85Y7,
CFX:TYPE.USER:AAPKF1NT2PR7XNSH8SA4KM2JU0AM9PHDB2J361UH7A,
CFX:TYPE.USER:AAJMN2M0Y9PYV0YKYUAJ7AFEECWNJEBU5J5WX6F98E,
CFX:TYPE.USER:AAM707TBDA4XYBDK8NFAJTAVJ9XJK7157PFYJAN4S4,
CFX:TYPE.USER:AAPCVRVJX0WR9A9319XR29VWXHZB0VASXEBEZC4R96,
CFX:TYPE.USER:AANFTSA4ATF14B9S7V0KVTU8FX87V029AAVACHVP9T,
CFX:TYPE.USER:AAT4S6NVGUT4MPF20EEFN3YSP8WST60NVJD1VEZ7ZT,
CFX:TYPE.USER:AAPKWM7RNTT7F8V3D4EAYHW1HBDABXWYNYYWR3HH78,
CFX:TYPE.USER:AAJKDZ729NAAXT6FK8S109YP84C9DMFAX2YBS0SSPH,
CFX:TYPE.USER:AAMX16TESXA54XV34TTXWAP96GX1NWRNG6ARJ8R5Y5,
CFX:TYPE.USER:AAMJ7VWYBJD6PSZGGGC6ZFW3UKTNK95FVEGC83BXMX,
CFX:TYPE.USER:AAP0JWFUWDZ04GNPTVFHZK2ARAWP0FF3DAH0390NJ0,
CFX:TYPE.USER:AAT8ZNS1WF28CYYX0K24STSEW92PD3K9JPDX93HBDA,
CFX:TYPE.USER:AAM83WAX38DNJHRV2Z31PASA3U6BNGX2RJKPJXGGKY,
CFX:TYPE.USER:AAPDGMZK4X11RV0YD3MDPBNRRE3BUJ5C9J6EEWFP5D,
CFX:TYPE.USER:AANZEXS83UK10WRHHS976Z4FYW941F6V265TA3NC9U,
CFX:TYPE.USER:AAR8G5SDW9X9WBEY0MV6H8HZZ2W34BYPCUFC9MVT4M,
CFX:TYPE.USER:AASZUR8JXTRG9H1KB754VTUUJVXS9J69B2CVMBTK49,
CFX:TYPE.USER:AAM0ZS0JE7G1ER5BWEWD1W02UUUPK94RKAKZT4C1SW,
CFX:TYPE.USER:AAKR633W44MXRX858FDHA891DW7G5E819YAJXVVAC7,
CFX:TYPE.USER:AAN94H4BHCM8YZY9U6U764FT4454W6VCWUCCWGBAA5,
CFX:TYPE.USER:AAJHYYMP8DU23H93U0DHWDB6TSVZJB3GWJJX3GM8H6,
CFX:TYPE.USER:AATVB1JJ35YJA1BDV9491DG5ZWZTU9E72U7FYXU9VP,
CFX:TYPE.USER:AAMBD9VT96F38HTA58FR94VYM80KP9HT6YJT8E3MXX,
CFX:TYPE.USER:AAS0Y466MPHH4C574JSF39EX8FCM9XZPCEJGY50JZX,
CFX:TYPE.USER:AAPDS5BE1GXTV73CV2EVMSJSDFA9BGRH9JZ6E3Y739,
CFX:TYPE.USER:AAKP0EV2MFYMER7AVDJWJXZDNKBRCBWRXYKBVM2ZZD,
CFX:TYPE.USER:AAR58HAMBDPZSHNZYHEUWN6CJ1BH1ADNF67MEBKFBG,
CFX:TYPE.USER:AAK5DWS1DAS82SCFZS7ZG4TWRNK7WJFWY6WVRMY7GP,
CFX:TYPE.USER:AASMMGSR2VNPD8XNYP39NACT7GAHWF46D20MY5MXA4,
CFX:TYPE.USER:AAPBJ8RAV0AFBK107D2U0D59WSXBFB7B0P2BZXPGHY,
CFX:TYPE.USER:AAKP29WADTVJX3ADAU8RY85RAAGGTF68HU7XHGX09P,
