3DQKzSTJvZNN8Xdz9rhMYuoFdvPvq7JHcA,
3Bc4KM7LuPV1VZTYS6Ch6vSbPkPNU4s4Uk,
3EaQVjBogNxRiKnFw89m4LxPAdkDDfEN3D,
37rL3PQP8rKWUgBTDLcJEtYhFFgGzPVyjw,
3PQtFx1s8W4rJWuu2jse49hFy173puaekN,
3KsrcPGQ3kbugf3z9AtkeKiChUzeH3cLHj,
3GAEdZWNdZts46Zbox4pQaC2Xu19gLEKod,
3264qkjDUaAFZiiqAtr3MrsXu4DbpRkUUc,
38Z2575w3LWikfNmH5az2FjBUUA3v79cd7,
38jmNmuYsQJGw4UNbtk1ZkFmseBffsN4Zi,
3NoB6frZay5GMXTFpEHy1bbBmNBmjoGuz5,
3NLBVGmihsxdUqpmFeRAYQ3RrSCcfFyZu8,
382m39W6mfTkk1KoSqesTj6R3HZgAMMTJt,
3Lc4qGJQHu7vBtNEXazK2F1q7KPZJuN3s9,
3PHwMx2NECirtnxPetJv2DRorqhVgJJiui,
34WXqnUF7HDfDVXGQcwFBfXmFYw4vKZqhh,
3Q61sG9GZpUAe13GxRkC3RRMU7SFSpjduN,
3NbRUgk1bJcsMHhQ3NDERNb2dVHy8o4wkn,
32iu2t4RXqtwvhiEqrxmRffqTHq2SiqqFz,
37zyRGp9jhZ1Ci5ZTTuY8WRLhCyXyD3pxM,
35bjL11F1H2ZQsdV6k56n7XetW5pJQ2x5Q,
32LeakKZ3yFKXkQ7pvvcqu5oPvMhbyJJH3,
3DnjDpXH9o4rS6HfcURK32KR1uL1aTMBWN,
32jGAvfDtt8d9iHuQm5rRGTyNH1gAA7AnC,
36bZ35m23tu9Bwb5byyJqpgXatQWu9DbYa,
37QmK9odnQVjWTp4DGKB7cJ5Bqm6yVuWf2,
3NMVbfm1SF4wJw8apjSrq7T5FwHCj9kyoT,
335WJufEnuXdYMnqmawm3c2bFB2M69Jh7x,
3BqJ1bhmqVnfUxve2ZhDGq5hyJDiKrZVbT,
3Dq4c9dLoBvzpCb49PM9F1VRi1yncPAKvA,
3AL9GW4NVyC6TpWFcqdNPVDDyCPR11Jm5f,
35a4TDevy8xbuXHHg5SgjvfWK4BdG6thgj,
3L297estWT75dQY5fgBdpJvs6zxUu6NMAh,
3Hx3bkwmpAeJGAQDGpt8A1q8CFM8v8345r,
3BoansnG4f4atDHBwYzwPZv6htTmtNHLPj,
3MaHAfJggN46hShtx2PsNTYmdfcG7YsQeR,
37zevGYqZp3JR32qbCQsM8k2LVPm7Vg4ak,
3CW24jh2DHp6hvFiaT59yCSym3Qb9XBd31,
34v6tAG3j85HS5RbsVUS1arRz2QWDNxfnZ,
3A2oyGXjbiCDGkLcUVLNM1WNdQ6VeLvwam,
3CxiY9giQSeM1C7Jrh7mcwwUnCBd2r2Lan,
33ADRjp73jSAkZ9RiXLLKMn7FS3KPQ8qRm,
36P3ZZpWDxTSJRXzog789Nv2ssTJFFMmbc,
3EcpX7gqAsm2vjJjMQnwWigqf1iw3DyFjd,
36amYbV1Fz4sV75upgTQ7jFYaVHDzM2maN,
37dknS4BBaVgHPzcJ3pUyDXzCYcsQoWakL,
33CPdmVtpdZExTJ1gZ6WhWNyDBzN4L9c7B,
3BZyXBPPYQKAU4h9Ru3oqgnUscquQMnMDR,
3KMBghv5YbYjiebRtx61onHwkhovJks2qW,
31hLhbYrPhTnSfjYWLZouB1hWSTR7UX5Ln,
3PCnNxH2aVPZE1BZKCzremieAs4VRkAcNp,
36UGqiEwB2otjZPaqi7zRYpStt5VcQ6mQg,
3Prdk3kgSpt2goMN2qRTZTAJDmboCeo7GZ,
3PYxyGKTPoUe7xKc7PEx78sDRjfGKGvnBm,
3AxGjmzqALZjqR3Dhhtaa5Dgo3smCbTx7g,
35semE3rFLghrVJAgZGMGW5DbFR8jF8ExK,
3HStTZHhAJRyUrKHpK1FNsLt6Fb34smBfR,
3KzDGz6hrjqu3sqFC5rrRN4Qz3mj8WWSkL,
3G9sw3wPJs1PEQqD8J9tmUVT3wVuWNTnPY,
3Ceas4upZVpNzy3JzfBwwqgmPKyNzfKKNt,
32EBsVsYVogBtbSBwG7xrcU172GidrB6i3,
3NhBwoWEurFouZLemqUjh469UPsLehz96m,
31uSMsjAkpQmtmfAZgaBgohpa7Zx4HDZ6T,
3MtRKcHRT4QHYouvyJjZJBJr7VJj9Uwz98,
3L8XfmXBrsQc2Q6YZaHegKtcNNMiYU7eSE,
3McZrGeYw3X8Cs5xkTcofhvKg3XgqLC2Vq,
37idVeirkBAXxyav4sqYMeKkGzMKp99tTH,
31wEo3jBQ7cgdQGzeB3SLQPQszLbmctewL,
3EAsq9NAPMGks944j4xqcB2hxDcovrxTnf,
3JbSdsTJPseZyhoUmioZ87UEY6A98uA6uc,
346SsGfbCcSNyRzMeE3TBsjwgkYvBCVTWZ,
3AcnWp8Ep4ys1vsAfAF6s4rsxNqTitKnLn,
3JbJbJuJy3ZJ9K8trGXALGciF1jGcmEx56,
3K8roHxPNzE6uXTYkmtsF6mcfeZhZyGRk4,
3LKCajixtHTBgS6Qnit5GEFDdkgztDBVUb,
3JpR1B9CS4hahf7R5Qo4e9D5x9ycq4A6Hn,
3BibzdDrqsAy5r1qVmqSJW7BFzXGT32Map,
3BB5LQfGXDitRU2wyTsaoGdsragy6QDv8i,
3BbnuR69DDYJFcPnDZsoB9MueUeHDYRJFu,
3KxkVZEvPHYmH27J349JBCqnWsXWAwtCdD,
3MVL2bfGoHdTrQwfcwYQyai6j3Pn4zdXbX,
36edzrzuuPrxrURL8dHrHezLDMfe7cyaQ2,
321iFeySJtqCc853Wrixn99L2K4NjP9tuM,
3F1J17xvAENP65ZsmAuLrPFRAxikPGyWbK,
3NtW6kH5hDGnAaG9TnP4yr1JbaVYLWinGd,
3AQqaGKcr5eCFBcQDYtDjnBKJ3UZbbk5Er,
3Cax38NGPPPRMS5ezM4zhkcA9RMJZvNBLs,
3PhkrVs57DTfGD9V4RHC1V4pTQzEx2GjfD,
33pqXaLp2ZsW76wKY1rov2q7FoLAJydLv9,
39mcJ9Xt7m212qEv3CsaV4nBRmYUmCvSVg,
3MZaDMd7Ucs87yXhK4d3PNBuEeYYpp3viK,
3PoQEs1PjBuSo6uPzXspZRwkKj3F6YUhnQ,
33ZauwHVdvUuCphzkyQnZHkMqqsejWNLJV,
3B7aD98ygwFVMiwxtFSeAuV7cHDCsfBK4H,
3LkM7dSj4uuaMsVRzEPxDHpTyAjNw1Sk1r,
3CzGLC5i6fA6NFApgkzpumMt4pxevWN9jJ,
3CDrQkSPfEqQWD8MSKUX6KAVmpPWUk6RCD,
3Ls1YRweg2FaR1wrzJy7R6hA3VDW6J7644,
37kzUkXnywTeBxui6NsLThWNCywkWBzSfe,
3Qp65Cj5ep7M8qZvguXvHZYFoQ3WdGdfNM,
