34ugeGjSToKDRDuZBrmLzX9yWqDPcNfujrw2BLQvrs1CJAEv,
33fFvemMV8kqz8KkuidRLAeodRkcbGsJXbe2TWfvUrTEew6Z,
31Y5TRh4duuL25Dg17kpdQ5rdsDLdzjSXoqK7gtBjzdfVzPe,
35jNL6CYiKaCUAMDiGrCgRVw3gtVaG7UQ6Skx5wo2vv3Yw8q,
31Xud4uJA4dUnP7sXYFHFNmiQzsCPNU4e3nz4FrV7fVjqddh,
2zrK5qG5bEwLqvvTZ2rJ1fYbTVTLcn2bQ7F2oGUPEzyASBPT,
31LbeTiavyugq5iPKF5QsbtAuSwS4TuoHfdhC6RrBgaRhBeE,
31XXRpXvZJpN77S1QcUabZ4fb5gRXPfCRDvtBsxQdPAvNktD,
35GRsH5PzKHVQTXhzKcmh2mMbNd8rgTwUy125LuozmG2A7dV,
32vnQViz7YYxtrcJYTS8ANYkJpPS1q8jSoi29RTQLmsDZ76h,
31tj7Ni596YxfDgd4KXVZMyZutxQ4A4SsCVEHDRvoKJUsRG4,
31XGWmst3WBri3eRbyJMaZ1znch9JzvxwXE2Cn7afLeaDsWQ,
317rMLpSHwK7FknpECuuVp9YaE17yDjhHmUBg8jG82hhShHe,
33pmDToWkYWGSqVpGVzBPSTEpgm52AgqKoHFsnBWWDfSYAeG,
32JWpjZoPW4Mfp3ssY11jHqhMT5sn3JE2wZbMvRapQoB4Acf,
326tP5Xw77MgQEAvTBqP7oTp5XhQMDtHec2fpZBuKd9aPkJL,
314gjoBN3798z76bgMc7XRFkvTvJfYR7tyHZ7TDW9ZV3Lgo6,
34eBEZ3uXVqXX2sKTwTd4atDLDCibrNpT9gc1jwqRa9WGd6C,
33FMfBcHhS3yDMZzD2f7tPDAHY8wjguZgFZuahbEEa9stDbL,
32M57HdvAPQeKSP7W1dRLqnhxUh23iDYNSxpSwTPELnKbuYQ,
35K9bDibph4JfFA6RZHRYPdsFG7hVMdjqakozhMNwXgc8kBv,
35jEFQK4TTTsMqqZCWkU6YtpFhUi4KhmFoENAoSqZEU7QwbA,
31Sh7onjJNvqtYLF9yp7fdhDdZEEJLCbAtewEeWV8aUWZE4A,
334MJqhxivL2HTnLZbHbBvtR14YGaisyzsD4NfRoSQSqdQVv,
32HqUmPVoBd2XsgtVFaV8miAAVWYM8wqiJ2YWnYiHi3wBvax,
35QjGcJs3eD3RM2bpzaMEC3aDnkhSLn9hf4EfU4BVVBwV1mt,
339WfEakcXDu4UHPSXGgNybUy9dyKQJTeN4z5x5rX6uWETov,
34BYi3nFV97WhcyCSqdh9ipUSqRYNpMLEBHZJrfRv2r9nYUa,
359KKpZo5oPJTZ3vUjEM6Ga3fXie82ZQM6hPTsygeHjNWgcx,
34J28kPskryXYUG4RUw6HNE3AoDLcZiafdgyfFDS1PP4AtuD,
33S2vxQc5b8YQ5k3er1Vg5t6pk3VeyAhD21ckgCpLrkjWTp5,
33WDXKWrBhTZQWYymuCe7B38E6eSvdpSVuukvF1tkKm9tvnA,
35hHJPCZDacyuG72TDGNhSPwEeLXTUSAozW3TvkkPFKZmhAR,
36QSwrKhQUcrLBn8efY23MUSxGfFaw4c5AQuVa9GoVjWKZE2,
31A3UEu8Mb7kLVRKvwpmqFGeiurba7aPwaMmzUt42LyDmqXE,
32SCbfuEJV495wJPhMZGnEGsfTSJWnaBkqbnqhJbKJdvAUQU,
35eRSQMuhjqi7ABANTvFtAPd6L5P1Lwu9BzGcfhfYcR22Xs3,
317cVtDGtqZUDrvmz969v34zw5bESGVJAWaFp7qqsxLAtP8S,
34CUqhWPvHgy2EPUCmwHSiaQP1jeYyNyi8U6PbrYMZLfXB7L,
34YoYtT3FgxxzRgd45X5zc2HwnZRSUe9EwSVajinA3n2U8o1,
32tac6w1EcWHUHUYNuCjwXvUNgLeakxX2V4URYAgf8JtFLZY,
35zysess2dFT6x5mxFJFiAYcquE8uv6dhBjKzA44NeMczfq1,
33xvqkWYXyNwV9VW5DHhDbRQP2JV1WwaRCb1wasmHJsqXWnc,
33ySN312nJjGGh42pNPhUBvfTvdJJgcQGjSpxyRf7XsJfCBs,
34rx6DtCjCN79X39YUWDpUf3i9SNvbb5REJqfqPAvRdB54m1,
339Q5C286zvJJckugfnGpEE4GGn9P2BGnkyoLSXTyZLNwrFh,
34jpJCF1YJ1JzxvyDncxDVKCd12jx89ihYia7EEKxgcDy8MX,
32JDAy6meEcgqE6J6A76SgUW1jBvwZDp6izHtsKUTCMdJYW2,
34HnbjQabCQtdSAVt9xcjndukE5LQpodEK1EhBvrrxLe9sj9,
326u6k1aQgSZ6qffPcQjQ5nzGnnHUaqe2onhHmJgcaXHm6CM,
34992WYhnRCe9gV9a47wm8asN4S1mQ9JXpbVfAb7MGuGPMZ3,
33ZJRFe7bkbTprnvWjPJdFeWVXagvjciX5Zcxz9kAvcQapvr,
31FkkXpQJ6YYW4mjio8JzZc8pqGgjVZkhtLDtPgP4xpDUrmw,
32DBo6xfmaEMefyX5bB655oCdduMfqcSuNd5r9JWXXNWkBtB,
312PBvxjFzjjpzaJL7UuNiyUn69yXtZi9rW3eFnnZqDJ2CCw,
32CoALXsPTRVjgiNSK4Cmqvx5nhi1fpGFBDTUgzw9AwywNxm,
34gz6y283hkJvZRvkkvnfjPGFToJhfJyMcALQd9sYVge3sZk,
31fancexp9NAk8DLFPnDTRbMemEv3U3UEv9gXZ1BaM3TKGsx,
33c7bgWEdmy3CswA9aCVm4pW5FBXVGvSPUXLZUTA14KjbrH1,
33nc5NSavFe5kLqW9dE8YKrQw4UUxFwSo4EH2t7yzH1yib9A,
322TayFfCAqHNhCdsPeSTUUDbW9EwfJCetSemA7Nab5MZR6h,
366VVy6fF1MRRtvcPiuZV3KDi5dTfYn5Qay3ymeSz9nzQcPk,
35KKu7rFAswhxfYmvDjU51YWNe6ifKwyxJ95J5knKZ4QAbrb,
31CwjAYYKiY2aQE4GpH1YaF3dt2UbGRyehpWyvJqjSaAtyto,
346Yt3YcMfsqzxBLXtHknQfr3RABkKAYYTbQxija9YqLX1rS,
32edNmbfht64ar8aRWSFTLsVHko8H6oKGs9ATpx7NxK5FYXG,
34uhaH1G6gddFr8jGZgegaVfESGTNhTDzGdsidwE7Q45sTHj,
31PVDt4RyxJbRLgxfAG7sdTF16DP8m1vpoQQwUrWqkX7d47z,
36GXckG4FrYYpGXiwFmJ1TwmnJ852GJcxo7CReHnw8gALs2W,
2zmV47quas4ov1QaHCQbvhAtnWNiWQSnNQPpGEGGwJyvLQzg,
36HEJHWq3jM29f5LJDnkUR4LLUyQroUhfMF4svGJ9ViqAFHm,
34hak5MUxU326vEMeYkv952TDD8wGQY2ZJ8Gzz4Z7F4rnAXK,
33k8PePmmS5bfigtBCjLCoC9QDawmge8WUSbAZj5ucvdkgiW,
35xPbuD8fy6fv7b319KufQyt84L4Jro8bC7hpWi2bijye8en,
35beaRcXE8EJTRQz5G2EB2nt4JTbNzDR1upGvbNp86gAZ9vN,
33PQVpdntVf5Hv1XZmtrrDwTkTS2YT3ej7LCg7CfXavxufmi,
33H525RW7bBxfsbfRht4e1h7SBzyCFnajUSTdJZDjKEPrLM7,
324mEeQ1dEHFvZCBbpxtMynN6vUN3gyHe1jQVdHqyEKkGkE9,
32FKQHNR7jHHVem5e4cN1EosuRLgpZNSJZTrinwGW4mPk57o,
33Hqsw5RiE56tP16yTswyk6VxaWRTaJcAaGdaVoGRoG6yU22,
35jAoja324YhcQA4T1ygQxFRK6LHyRXVgwbM8kZu7oPJvPez,
31ncgsnpBio94BibcmGkR8xLC1kWmMni1eoLnXaYTJWXbTY1,
35MkFSWBsjULfxus9pQohXzcRUD9mN3wjCpLTcXSzfFkde3S,
329YsnFQkLwe3YFLHHjMmvphWTuCt3741fKa2WTPEAuM3R2D,
35dgB48zUkcsoYj23bmkn4SMqKdoHEXSgwGDZsV8zFbXbVP6,
361Qi2Pyo1nVaodi4Rwjrvk5vqKDmmkoqVmMXtMniqUybTNF,
36MxVnou27ddCdtz7He8SM5KjNgiPB2dwLRmDHbfvS4nMdYn,
34N4A8PYVfqxZvajBBv5SC6ex6TeFHCdmHXXYE8dngbToF4X,
31SWf8GGMBM63JiVNFZsoTB5EBxcabGeRHTp1FFXqVi6VXaz,
33piwJVvMXz49ALwBxiHLp1suR2dSp1MFnCoVTGBCuGGgirA,
32i17Zki8S2eB1LudEvpFzj37twtCxeLBH9QD6RDFwVDRwhX,
36QjxM7AxUEMvM2hDzj53YdvWwqnv58Gb6Xzi9JtENF5nHVK,
32JcfpPHfstbf1VD7GbHLqepga2QSb7P36AyX2f2XNuy3Pb4,
35WPY4axvyzyvdNBNy9X8UCW4L5S1MdGzaJV6RkP9f5xnqfx,
33RcVt3XhSGeenmBYvFBVBHHdqsSaBCGAecLSuz2Fr2GyDNf,
321kEPy8QJXxdH6SY4s1PK3kD8g9L7Rp8kEbct65pp9r8QJe,
34URrKhopwYtK8FvoUBPDTqtxeE1xhsUXgqBr4ZZVtqwArwy,
35Tae1LBBhnjWTuFvwGpcYogMhPGAz3EtuphM4SZT1AVq4sS,
3575qb4YkwERpqsvHjWoQwZNNkRojfZdm4QpgDocBWwd7jTg,
31oMeuyy38pMTE1qJ4M4qUGYGDrH16ZkUoaXa6P3pR6mhHqt,