xch16mzakdck2mhnv0jwaj9znnn872dlmre05aww3v2qrkdgju7g7mnsf0zjqp,
xch1xm65cdt52gksnuvl3er3gcf7yt30eec4qs26daj0tl76eysajztsm48ng8,
xch1mzztdrpcgjpt2duxyw8vfpxrlu5f4z2fyc6277cu55fsm89w4gesny4se4,
xch10d7twgwne7n52hm0dwng8lhcfwpqty2prk7d7y9uxkujpage778szuxe6w,
xch16y7ede4u4gwz8mdc2hnvkfsq2u6g63mpkyvxdhmfqxnzp8jwzm9qmeh5xr,
xch1e8szszjxt0vpevtrj7wfcmwu6lgj52623mzpuy6xpfusp6uw2h0szrulm5,
xch1498rk7c78j4fpctyzlta69zxanepyal6wyq595qqns42cyntgt6qtqr4zh,
xch1m7x0tnvt7h8v036x5qfmv6gq2j82vd6thuvw6jrwkpd8cuq2sdzs02caqq,
xch10y065kyjdpesvtd4rj5mnw4ke0gw7yq4zmq2fct9am8z03zrpalqh8kncm,
xch180yrxjvv226uczjxmxl93cyz0gm4kuftdlpqxywd2qj68gpqmk6qez4zqh,
