sat1qekx6a4ku25ysn4xfcuuk7jzkv88xxja6cqzygl,
sat1qr55afnwnqenc3q83u6lamhuglav4gpdfdmj972,
sat1qzmc3tvt8c52jtt8h27gas7z624jep4hpzd6vmy,
sat1qfcxuehr73kc6fjwcz33tyukak00w0t45gdrhh7,
sat1qt9tt2u2uh0m5r3uewx2377a6halaf768ra6n6u,
sat1qnthgrkcync0h26hphgkcz55hev43ekvrqckxps,
sat1qaqyygyl4dcdx33l20dw5z8mttgsm64f7k7vnvh,
sat1qc5gv0n3297yngwwjtzvxlsu7vr26jqts428j5p,
sat1qudnrz0rr5as6kklw52exe5hq8269j97jqjelc4,
sat1qa6ex2q64h4zv0zmrv6h95fmk6njwu52myhz8xv,
sat1qp8uwg9aa0uaeatjyhzky43y2pyhymctrqjh8pk,
sat1qgttkncmrmgmrsmewepw8cr2szhpvuhag099t8h,
sat1qkgxlmet74tvy67qpu9hxv8v4m27zmzhparlq3y,
sat1q45a326wng8xc0ez0zuywjml3vrwypajlmn9k02,
sat1qyy8cyuhuhs6ahvc24uze6ps846dl9wqxr7yw7k,
sat1qqzse6thwn5q3ta650rlmzeyc0379kf4s0frj24,
sat1q9fg3zfyj7nqlh8w2syalglegn2cvg9g27efnta,
sat1q5dn37fhd7t2vtldwjhqf3l834pz504anhm0fkv,
sat1ql7swhpty2yarg28resg6ypu3ysghmuegvr54zs,
sat1qz66qst6mc0xgpddz70jahg0qfrszwn52c3yvn5,
sat1qu925yl9de3ysfvp6et2aulpxy4wl8u7qy2z8se,
sat1qrzettepvm374kraw0g3kpgg6ppsa46vf7mv3ss,
sat1qjakwkgw3m02kqaf0vp9et7k3a7pqp99ja94ydk,
sat1qysvedhqhamgrhpz2cazkmtekywxgpr5vc3kcct,
sat1qjxwnnt0tfm3tfagnmyyrhq2z9ck4u88yscrscp,
sat1qyukpl3a3p9we3j47phqzvetht2yj47eyqxj3kj,
sat1qqwux387sm4gaz790vkl2ac83eug5zj3ld6pzvm,
sat1q9sk3ee3vt042a38r9kad9c03mqqhwz72q72rdw,
sat1qcq46u6c5fgwt5vd38xp2f09rdzaj6q57gyqjms,
sat1qrckkcc7m45jfvxphva8y8duymd586k4rqr8kl6,
sat1qc2qe87hs0az0psuxrayfzh8wtumj3leptzyxwg,
sat1qdec67vnsvv4a9wen6leyqwjsdkxpzqn82eavmw,
sat1qjld7fgz48xd2kedmwx3sxhy0gyz5k6a8k0q8cz,
sat1q5200jmx08cc0sasrpsdaqn6py9su2nfdwudvp4,
sat1q2u46m4whmjhjxdcckxufvmpcml4amxr6353nuj,
sat1qheapz7ac39g5set5ypqt98w29fx0v3x0ef578a,
sat1q9dma7etgfkaeyqfczuc2phach389zrr2efcu8r,
sat1qtny6s3yngfvvu8g89vg3gatl567z044k0gyk9v,
sat1qytmf7t9dwa5xxqua0h47rkqhdqwl7dj4mdds68,
sat1qv685um4zdsr7esz397u9r5agtmmeajd5g7hjfk,
sat1qls52lqdx7wv20yg0lfve8hyf57umpsawn7ldkz,
sat1qhwns3xnerm063y3p9dyhsthl02nakqxv5l7lhc,
sat1q0edpd6t0ndujhpzpvxhmh5jj8lrhyy82e25ftu,
sat1q5z6kwr6fthyfq7lencmwdfrrwgpf8jpcpjv5zz,
sat1qgcpc72qvxlte4gwz7nmlq0rlyg0cglxxcryesc,
sat1q8ekqqy3fz5z7dmnupym9e3vk39e5l9hf39wjll,
sat1ql2d99g7tknhjnrnaw524vjdujdhvk9evrufuhk,
sat1qjc3cda5y5hlws4wfpctz39p3n40v03x8esqp9e,
sat1qeqwmd3nfkc5fk7vcrk8687nnfgnvc9qyy2ws42,
sat1qpjqr2rtzez83k3sv2g4qhmh9a5accnvqzsare3,
